Customer ID,Gender,Age,Subscription Length,Monthly Usage,Total Payments,Churn
1,Male,34,34,286,5452.91,1
2,Female,26,11,115,1055.69,1
3,Male,50,41,410,2494.75,0
4,Male,37,56,390,222.8,1
5,Male,30,3,307,4740.8,0
6,Female,45,59,298,3082.53,1
7,Male,65,28,498,6023.74,0
8,Male,46,29,380,3042.65,1
9,Male,30,9,372,3069.2,1
10,Female,63,3,229,7457.61,0
11,Male,52,25,239,576.61,1
12,Male,23,34,456,9038.66,1
13,Male,35,12,203,8537.41,1
14,Male,68,42,245,6711.27,0
15,Female,22,9,360,5972.89,1
16,Male,64,15,311,8933.79,0
17,Female,42,40,468,1934.77,1
18,Female,19,25,455,881.79,1
19,Female,27,5,476,2471.15,0
20,Male,47,11,192,7966.32,1
21,Female,67,59,391,443.24,1
22,Male,62,34,365,5869.79,0
23,Female,22,24,150,9954.83,1
24,Female,50,15,293,8571.39,0
25,Female,18,38,61,5262.31,0
26,Female,35,8,288,730.05,0
27,Female,49,59,98,8330.6,1
28,Female,64,5,91,6029.89,0
29,Female,66,48,215,1237.84,0
30,Female,28,26,131,1029.19,1
31,Male,38,18,478,9105.31,0
32,Male,43,6,340,6725.08,1
33,Female,42,37,207,8309.94,1
34,Female,39,48,265,8801.89,1
35,Female,44,13,207,5760.55,1
36,Male,66,28,183,5222.72,0
37,Female,30,5,116,4361.23,0
38,Male,50,13,385,3237.77,0
39,Male,51,17,56,4402.5,0
40,Male,58,50,485,7761.41,0
41,Male,52,40,63,6059.04,1
42,Male,18,45,122,8935.98,0
43,Female,38,32,448,4489.46,0
44,Female,65,29,454,6110.19,0
45,Female,23,51,212,6349.94,1
46,Female,45,58,115,5957.8,1
47,Female,34,3,396,7056.07,0
48,Male,22,56,179,2450.59,1
49,Female,48,40,468,5172.4,0
50,Female,22,34,255,1131.83,0
51,Male,55,40,325,3906.66,1
52,Female,20,27,305,4927.9,1
53,Male,40,13,315,6557.02,0
54,Female,54,45,74,9510.26,0
55,Male,54,33,499,6046.45,1
56,Female,27,6,330,7461.58,0
57,Female,27,24,302,5112.03,1
58,Male,36,19,359,6377.63,0
59,Male,34,16,338,802.23,1
60,Male,38,40,213,2618.48,0
61,Male,31,28,144,3682.35,0
62,Male,26,33,319,4777.68,1
63,Male,63,59,370,551.92,0
64,Male,18,59,159,1486.24,0
65,Male,68,48,385,2840.46,1
66,Female,62,41,359,9718.17,0
67,Female,30,13,287,3380.34,0
68,Male,21,43,430,4872.21,0
69,Female,18,45,485,2041.37,1
70,Female,66,25,436,6146.72,1
71,Female,57,53,474,2878.76,1
72,Female,49,42,439,2149.23,0
73,Male,51,36,74,5214.07,0
74,Female,45,27,190,154.51,0
75,Male,48,38,166,175.87,0
76,Female,25,7,441,2268.78,1
77,Female,56,5,454,463.54,0
78,Female,43,43,74,1169.45,0
79,Male,51,45,128,3454.72,0
80,Female,20,58,117,8045.6,1
81,Male,67,57,222,5763.28,0
82,Female,29,51,493,5175.41,0
83,Male,18,31,61,3005.54,0
84,Female,61,23,337,9324.36,0
85,Male,22,42,177,4030.45,0
86,Male,47,10,145,962.22,1
87,Female,47,32,141,6208.96,0
88,Male,34,43,190,1227.0,0
89,Female,65,53,80,3517.71,0
90,Female,64,30,383,5123.38,0
91,Female,40,39,69,8754.8,0
92,Female,32,31,195,4986.11,0
93,Female,54,18,365,7052.36,0
94,Female,38,36,496,9928.89,0
95,Female,31,2,439,1401.74,0
96,Female,19,14,209,2819.84,0
97,Female,28,13,398,4006.3,1
98,Female,68,29,92,4276.1,1
99,Female,56,12,303,4169.11,1
100,Male,55,39,179,9085.35,1
101,Male,51,2,109,7168.92,0
102,Female,55,32,200,6118.26,1
103,Female,67,13,336,3162.79,1
104,Female,51,46,54,8255.52,0
105,Female,35,27,467,9555.1,1
106,Female,47,49,315,8229.86,1
107,Female,32,41,394,115.49,0
108,Female,44,17,179,6400.37,0
109,Female,68,40,431,606.24,0
110,Male,51,31,316,2650.31,1
111,Female,69,34,227,689.29,1
112,Male,55,24,302,6077.57,0
113,Female,50,45,464,6897.24,0
114,Female,41,35,105,1233.43,1
115,Male,32,48,132,3900.0,0
116,Female,47,6,442,4616.74,1
117,Male,59,19,148,3753.62,0
118,Female,68,30,198,1298.15,0
119,Female,34,7,378,4247.58,1
120,Male,22,10,205,7536.66,0
121,Female,46,41,239,802.98,0
122,Male,21,32,420,893.78,0
123,Female,27,34,312,3612.24,1
124,Male,34,28,129,9423.08,0
125,Male,27,15,449,6718.87,0
126,Female,34,30,301,6818.83,0
127,Female,37,37,146,3683.01,0
128,Male,41,29,309,5977.24,0
129,Female,22,22,309,200.3,0
130,Female,51,4,152,6397.35,1
131,Female,23,20,89,9141.54,1
132,Male,19,32,322,6164.48,0
133,Male,30,36,150,8749.62,1
134,Male,60,50,408,7267.33,1
135,Male,60,4,429,1293.53,0
136,Male,65,27,357,9034.29,1
137,Male,28,17,270,757.79,1
138,Male,68,12,357,5386.28,1
139,Male,64,22,469,1507.16,1
140,Male,40,17,173,215.9,1
141,Female,33,10,471,4278.14,1
142,Male,48,54,280,3020.9,1
143,Female,28,1,227,4911.4,1
144,Female,33,22,112,5814.28,0
145,Female,25,26,165,533.02,0
146,Male,21,56,240,1317.73,1
147,Male,57,59,111,5630.56,1
148,Male,21,18,305,3497.36,0
149,Male,42,50,56,7318.82,1
150,Female,20,14,204,6557.69,1
151,Male,49,47,141,8471.48,0
152,Male,20,29,63,6955.68,0
153,Male,44,12,278,4356.32,0
154,Male,46,36,135,6762.37,1
155,Male,49,59,182,2826.27,1
156,Female,67,35,232,3132.5,0
157,Male,68,52,435,7910.95,0
158,Female,36,12,111,4519.55,1
159,Male,38,7,268,8003.97,0
160,Female,22,29,454,8241.98,1
161,Male,35,11,295,8589.87,1
162,Male,45,33,279,9174.69,0
163,Female,59,6,128,4366.75,0
164,Female,39,47,198,3256.78,1
165,Female,38,15,187,5863.77,0
166,Male,23,32,363,3774.61,0
167,Female,18,51,425,6050.63,0
168,Male,22,11,472,7085.3,0
169,Male,58,58,438,6915.21,1
170,Female,29,23,114,3808.07,1
171,Female,43,26,62,1751.92,1
172,Male,63,34,262,4362.24,1
173,Male,51,46,291,1511.68,0
174,Female,66,34,262,8911.96,0
175,Female,31,29,230,3524.19,1
176,Female,43,4,387,1629.15,1
177,Male,62,17,222,351.93,0
178,Male,44,35,209,6493.64,1
179,Male,26,13,213,6405.33,1
180,Male,43,41,237,3471.98,0
181,Male,64,39,444,809.95,1
182,Male,39,15,240,4155.33,0
183,Female,64,55,454,3181.05,0
184,Male,47,29,357,6803.49,1
185,Male,60,29,305,6097.21,0
186,Male,65,11,232,3709.48,1
187,Female,34,52,166,2257.14,0
188,Male,43,32,331,9881.56,1
189,Male,53,2,245,4594.62,1
190,Female,18,47,83,6913.91,1
191,Male,25,14,101,1491.47,0
192,Male,66,20,161,4907.34,0
193,Male,52,22,301,372.61,1
194,Male,69,11,131,5104.01,0
195,Male,32,27,281,9643.77,1
196,Female,64,3,276,3903.65,1
197,Female,39,17,282,486.06,0
198,Female,31,44,270,406.46,1
199,Male,43,56,485,3941.07,0
200,Male,45,28,462,1684.25,1
201,Male,40,29,471,331.19,0
202,Female,31,21,91,7586.51,1
203,Male,41,47,70,4639.38,1
204,Male,19,16,91,2963.52,0
205,Female,62,37,446,9010.82,1
206,Male,43,59,162,1249.78,1
207,Female,31,20,154,9563.6,0
208,Female,68,6,241,3208.27,1
209,Female,24,19,66,8895.2,0
210,Male,20,57,169,6069.13,1
211,Male,64,5,442,8284.4,0
212,Male,40,3,474,9841.73,1
213,Male,63,59,178,2955.21,1
214,Male,60,1,179,9615.24,1
215,Male,64,58,109,3955.87,0
216,Male,62,38,97,3916.57,0
217,Female,35,15,78,3469.83,0
218,Male,55,34,146,5459.94,0
219,Female,52,35,59,1626.04,1
220,Male,68,49,291,5581.74,1
221,Male,32,25,363,5462.88,0
222,Male,42,24,493,7642.83,0
223,Female,54,12,281,8353.13,0
224,Female,45,18,326,4460.37,1
225,Female,27,15,333,3093.1,0
226,Female,56,44,252,2667.42,0
227,Male,34,16,296,2026.78,1
228,Female,56,27,339,670.71,1
229,Male,39,8,313,3490.23,0
230,Male,43,46,492,2775.45,1
231,Female,61,25,263,9667.53,0
232,Female,42,17,249,5621.32,1
233,Female,34,29,482,3538.04,0
234,Female,30,53,128,5846.63,0
235,Female,37,8,450,1478.05,0
236,Female,42,15,493,4496.03,0
237,Female,21,27,392,6299.72,1
238,Female,27,46,393,4940.09,1
239,Male,20,50,222,4077.61,1
240,Female,58,52,118,9939.1,1
241,Female,62,7,465,8815.12,0
242,Male,35,3,477,6271.72,0
243,Female,64,29,498,5736.84,1
244,Male,53,44,136,6244.54,1
245,Male,64,53,150,2092.99,1
246,Female,39,24,57,4011.86,1
247,Male,51,58,382,490.65,1
248,Male,64,3,249,4807.91,0
249,Male,25,20,136,5475.94,0
250,Male,57,46,92,2354.72,0
251,Female,66,15,434,9643.89,1
252,Male,61,25,158,9103.6,1
253,Female,36,30,484,7249.22,1
254,Male,59,14,457,5380.53,1
255,Male,58,7,201,8712.69,0
256,Male,54,17,66,1393.46,0
257,Male,23,44,182,7926.05,1
258,Female,69,20,197,1335.73,0
259,Female,43,36,326,7962.69,0
260,Male,51,9,281,2830.1,1
261,Male,62,38,363,8783.2,1
262,Female,23,48,464,9446.02,1
263,Male,54,57,415,1573.08,1
264,Male,50,22,277,4680.49,1
265,Male,39,54,188,9811.78,1
266,Female,38,53,485,4885.73,0
267,Female,23,53,448,8649.12,0
268,Female,23,2,260,5928.44,1
269,Male,65,24,440,3815.77,0
270,Male,21,8,77,2929.26,1
271,Female,47,11,100,2111.91,1
272,Female,28,13,491,7641.8,1
273,Female,47,17,310,3926.75,1
274,Female,48,8,310,5161.63,0
275,Male,41,21,399,4974.02,1
276,Female,26,18,401,5815.06,0
277,Male,20,30,57,8669.21,1
278,Female,68,18,369,9809.32,1
279,Male,48,46,187,4135.08,1
280,Female,57,47,87,8292.44,0
281,Female,54,31,160,7668.83,1
282,Female,53,38,417,5777.94,1
283,Female,41,32,269,9564.87,1
284,Male,48,11,386,2084.7,0
285,Female,23,45,272,1181.72,0
286,Male,19,25,185,8554.22,0
287,Male,37,33,305,4447.58,1
288,Male,45,38,409,8484.99,0
289,Male,28,41,458,8941.59,1
290,Female,21,8,378,718.33,0
291,Male,32,11,499,8846.3,0
292,Male,23,22,483,4538.36,1
293,Male,66,51,98,5153.28,0
294,Female,47,24,341,6303.27,1
295,Female,55,41,431,9271.19,1
296,Female,68,17,373,289.25,0
297,Female,19,12,127,4820.75,1
298,Male,32,57,154,6908.45,1
299,Male,28,46,218,7254.8,0
300,Female,25,32,266,6956.07,0
301,Male,43,15,427,1430.91,1
302,Male,68,16,168,3064.02,0
303,Male,62,54,239,3651.28,1
304,Female,61,22,304,8063.93,1
305,Female,22,28,419,2859.72,0
306,Male,23,20,315,2185.98,0
307,Female,43,33,198,9578.74,0
308,Female,21,10,213,187.75,0
309,Female,36,40,189,9978.43,1
310,Female,37,32,396,6800.53,1
311,Female,50,50,307,8301.85,0
312,Male,37,33,423,3016.73,0
313,Female,66,2,318,241.72,1
314,Male,29,33,230,7404.91,1
315,Male,64,33,209,8358.03,1
316,Female,18,41,400,7430.71,1
317,Male,43,13,449,1514.22,0
318,Male,31,30,337,7558.94,1
319,Male,55,33,337,7712.34,1
320,Female,54,13,429,6619.55,0
321,Female,28,52,275,7684.55,1
322,Male,53,26,60,8474.62,1
323,Female,30,22,59,6174.68,0
324,Female,60,39,320,977.19,0
325,Female,20,2,322,4927.52,0
326,Female,50,38,473,868.73,1
327,Male,23,39,451,4134.68,1
328,Male,67,26,232,4130.35,0
329,Female,27,46,202,753.5,0
330,Female,22,58,364,3553.32,1
331,Male,40,50,383,1198.88,0
332,Male,27,15,173,8101.53,0
333,Female,61,34,163,9482.11,0
334,Male,19,42,327,815.93,1
335,Female,30,55,463,9555.64,1
336,Female,57,44,262,5273.51,1
337,Male,19,49,221,3065.7,1
338,Male,37,40,337,860.93,1
339,Female,18,11,484,5056.18,1
340,Female,54,3,223,7965.7,0
341,Male,26,59,162,7100.16,1
342,Female,34,6,425,597.24,1
343,Male,26,9,454,821.73,0
344,Female,28,6,171,4088.45,1
345,Male,32,9,81,3023.38,1
346,Male,41,39,271,2400.6,0
347,Male,55,31,168,2881.94,0
348,Female,52,32,88,8054.48,0
349,Female,47,41,317,9299.36,1
350,Male,48,50,282,4110.52,0
351,Female,66,12,480,9070.5,1
352,Male,22,8,67,3282.81,1
353,Male,61,8,198,4816.73,1
354,Female,67,50,446,2337.69,1
355,Female,31,28,198,6440.71,0
356,Male,28,20,175,9791.91,0
357,Female,26,47,441,6074.58,1
358,Female,51,59,351,3642.36,0
359,Male,29,7,409,6513.39,1
360,Male,52,11,287,1316.91,1
361,Female,52,20,184,8897.72,1
362,Male,18,16,200,5080.53,0
363,Male,57,4,285,4548.56,1
364,Female,39,6,273,5900.06,1
365,Male,46,58,252,6285.36,0
366,Male,25,22,305,810.58,0
367,Female,28,26,135,6857.91,0
368,Female,58,3,199,2495.12,0
369,Male,54,41,284,7168.13,1
370,Male,31,42,394,8243.09,0
371,Female,47,14,71,8059.19,1
372,Female,52,11,397,5569.76,0
373,Female,38,18,334,5249.68,0
374,Female,54,54,318,1514.47,0
375,Male,22,12,307,7775.93,0
376,Female,36,23,78,2786.95,0
377,Female,31,12,262,5017.28,0
378,Male,43,13,485,2914.31,1
379,Female,21,25,332,1424.9,0
380,Male,42,45,99,6332.62,0
381,Female,62,51,144,637.89,0
382,Female,59,58,456,7511.59,0
383,Female,42,19,137,3244.11,1
384,Male,35,55,93,101.33,0
385,Male,57,46,327,5160.18,0
386,Female,25,36,220,563.83,0
387,Male,56,45,470,2834.08,0
388,Male,57,8,238,7099.07,1
389,Male,31,29,402,720.63,0
390,Male,49,55,233,8409.45,1
391,Male,68,53,52,137.82,0
392,Male,55,55,240,2543.56,1
393,Female,50,32,167,7434.95,1
394,Female,40,51,68,3231.07,0
395,Male,32,44,72,1108.73,0
396,Female,50,18,462,3666.32,1
397,Female,42,6,79,2776.89,1
398,Female,34,18,344,8442.85,0
399,Female,50,19,157,3202.14,1
400,Male,64,22,416,7910.43,1
401,Female,19,37,330,8929.53,1
402,Female,31,32,177,4394.79,0
403,Male,57,56,278,9108.44,1
404,Male,57,41,160,3835.45,1
405,Female,68,59,185,9644.38,1
406,Female,56,3,411,983.97,0
407,Female,68,28,235,6901.49,0
408,Female,23,10,193,4988.76,1
409,Female,23,51,121,3937.72,0
410,Female,20,35,178,6363.85,1
411,Male,24,29,413,7068.19,0
412,Female,68,54,310,143.2,0
413,Female,25,15,52,1752.84,1
414,Male,59,33,498,7159.16,0
415,Male,69,7,437,6697.22,0
416,Male,32,12,153,9663.87,0
417,Male,64,49,273,7634.27,1
418,Female,46,30,369,9512.65,0
419,Female,50,21,411,7055.15,0
420,Female,69,31,403,3050.72,1
421,Female,47,58,59,1143.11,0
422,Female,56,24,454,7840.06,0
423,Female,44,20,433,6477.08,0
424,Male,53,37,351,577.04,0
425,Female,46,4,280,3664.5,0
426,Male,55,28,268,9572.32,1
427,Male,50,44,460,5053.97,1
428,Female,54,20,115,4384.02,0
429,Male,44,24,474,4631.23,0
430,Female,50,50,161,2167.94,0
431,Male,21,49,62,3750.2,1
432,Female,39,51,442,3761.15,1
433,Male,19,32,469,618.31,0
434,Female,27,41,135,7698.92,0
435,Female,22,36,283,4223.39,1
436,Female,27,58,139,8239.58,0
437,Female,50,53,363,8518.45,1
438,Female,55,34,103,2198.74,1
439,Male,30,36,61,6607.8,0
440,Male,48,2,258,4775.59,1
441,Male,64,15,63,8813.55,0
442,Female,53,34,170,2235.83,0
443,Male,62,36,467,6810.35,0
444,Female,41,6,486,6116.75,0
445,Female,69,39,426,3023.48,0
446,Male,32,42,69,1452.35,0
447,Male,46,51,124,6551.23,1
448,Female,25,51,449,7412.11,1
449,Male,22,58,292,3224.71,1
450,Female,46,54,272,6483.84,1
451,Female,64,12,119,4011.8,0
452,Female,21,3,361,7160.75,1
453,Female,29,45,260,2072.23,1
454,Female,62,18,150,8913.13,1
455,Male,19,40,235,2945.36,0
456,Male,44,21,181,3741.08,1
457,Female,48,15,160,675.11,0
458,Female,68,33,430,1203.97,1
459,Male,68,35,181,5207.03,0
460,Male,53,26,69,2749.17,0
461,Female,53,8,443,8371.25,1
462,Male,43,36,73,245.46,0
463,Female,60,48,276,3853.03,0
464,Male,44,30,203,3439.72,1
465,Female,22,23,342,291.34,1
466,Male,37,42,279,1331.25,1
467,Female,28,44,359,4195.06,0
468,Male,27,14,408,4979.36,0
469,Male,57,14,454,4102.47,0
470,Female,55,2,251,5356.28,1
471,Male,23,55,87,5991.8,0
472,Female,25,37,479,198.25,0
473,Male,40,5,309,4694.54,0
474,Female,64,38,237,9638.64,0
475,Male,43,45,106,5238.42,0
476,Female,63,41,478,6807.67,0
477,Male,60,54,69,3187.45,0
478,Female,29,47,322,7762.51,1
479,Male,43,14,168,7751.92,1
480,Female,30,56,120,5260.83,1
481,Female,57,39,53,9762.54,0
482,Female,35,25,270,1342.95,0
483,Male,42,20,63,267.78,1
484,Female,50,2,52,7724.57,0
485,Male,64,39,265,8090.84,1
486,Female,57,6,278,1290.05,0
487,Male,60,17,385,2729.27,0
488,Female,29,59,235,273.77,1
489,Male,61,25,104,3003.76,1
490,Male,53,57,437,7754.1,1
491,Female,65,28,425,5227.81,1
492,Male,21,2,303,3546.15,1
493,Male,22,35,73,3780.22,0
494,Female,54,37,211,113.4,0
495,Male,25,5,207,3068.03,0
496,Male,59,1,131,6499.94,1
497,Male,66,40,452,9744.52,1
498,Female,45,12,208,8485.9,1
499,Male,48,56,237,333.59,1
500,Female,26,36,109,8995.75,1
501,Male,68,45,452,7853.66,1
502,Male,46,23,354,7825.72,0
503,Male,31,47,368,4634.16,0
504,Female,57,31,415,4040.25,0
505,Male,58,11,260,3098.87,0
506,Male,39,10,455,750.38,0
507,Female,28,3,201,2359.53,1
508,Male,40,54,158,2541.38,1
509,Female,18,14,125,4892.36,1
510,Female,63,16,79,7499.7,1
511,Male,54,10,363,4790.72,1
512,Female,38,29,166,672.66,1
513,Male,43,10,464,9582.12,0
514,Female,63,12,405,9432.97,1
515,Female,53,30,241,7873.38,1
516,Male,40,41,68,9914.15,1
517,Female,18,1,481,5490.38,1
518,Female,68,5,222,9631.41,0
519,Female,57,20,277,848.49,0
520,Female,32,8,399,3720.24,1
521,Female,38,43,232,2331.27,0
522,Male,64,12,162,2038.75,0
523,Female,26,1,232,1493.95,1
524,Male,26,57,195,6261.9,1
525,Female,27,54,368,7835.09,1
526,Male,69,20,165,5825.15,1
527,Male,43,28,162,1554.93,1
528,Female,58,57,300,8130.13,0
529,Female,52,43,300,6395.95,1
530,Female,69,37,352,3942.84,1
531,Male,42,47,362,6773.89,1
532,Female,43,37,167,2673.06,0
533,Male,28,12,350,3517.4,1
534,Male,55,37,210,9183.11,1
535,Male,19,49,450,2975.99,1
536,Female,24,49,247,4752.88,0
537,Female,35,56,309,8912.4,1
538,Male,44,44,197,7106.44,1
539,Male,51,56,289,715.81,1
540,Female,44,28,96,1558.3,0
541,Male,34,47,448,177.63,1
542,Female,60,15,247,6346.13,1
543,Male,61,6,96,4531.97,1
544,Female,68,44,127,1429.32,0
545,Male,41,59,173,9583.55,1
546,Female,42,20,124,5343.63,1
547,Male,24,50,408,2494.74,1
548,Female,69,14,186,5055.98,0
549,Female,23,2,139,6828.24,0
550,Male,41,9,449,854.77,1
551,Male,50,37,374,2819.57,0
552,Female,66,20,110,8088.96,0
553,Male,46,26,187,4650.68,0
554,Female,60,29,99,5511.11,1
555,Male,39,1,308,4384.88,1
556,Female,43,55,156,534.61,0
557,Female,45,35,162,1740.92,0
558,Female,67,6,399,4510.86,0
559,Female,38,37,303,2170.94,1
560,Female,66,53,167,594.79,1
561,Female,24,59,247,8452.13,0
562,Male,34,5,386,9813.81,0
563,Male,37,33,414,7952.11,0
564,Male,58,49,100,8552.47,0
565,Female,66,51,294,2495.57,1
566,Female,37,14,452,9610.21,0
567,Female,39,12,475,2049.56,1
568,Female,45,42,84,9519.16,0
569,Male,57,20,351,9948.71,0
570,Male,66,53,459,7146.06,0
571,Female,24,50,118,9813.32,0
572,Male,18,24,398,5738.44,0
573,Male,49,59,369,2669.46,1
574,Female,30,43,470,4426.26,0
575,Male,47,34,98,5976.25,0
576,Female,40,25,454,823.51,0
577,Male,68,50,123,6261.2,1
578,Female,36,29,241,9813.66,1
579,Female,49,57,310,1982.07,1
580,Female,47,39,405,7946.69,1
581,Female,46,31,119,9088.2,0
582,Male,66,56,139,9442.65,0
583,Female,62,47,309,9605.34,0
584,Female,46,43,175,5262.45,1
585,Female,47,50,280,9775.35,0
586,Male,33,23,344,7597.37,0
587,Female,57,44,468,1700.55,1
588,Male,36,38,178,4821.31,1
589,Female,35,20,329,7211.48,1
590,Male,18,23,362,2548.67,0
591,Male,31,45,149,6442.09,0
592,Female,68,52,375,6699.34,1
593,Male,64,16,346,1710.73,0
594,Female,67,50,231,5694.34,1
595,Female,19,42,223,7739.11,1
596,Female,45,55,365,5039.07,0
597,Male,66,8,413,219.82,1
598,Male,67,50,237,189.48,1
599,Female,47,21,106,3634.59,1
600,Female,55,1,80,9269.32,0
601,Male,68,55,133,2363.9,1
602,Female,21,8,201,6380.2,1
603,Female,18,29,85,2298.55,1
604,Female,25,32,262,3284.53,1
605,Male,46,38,463,8495.62,1
606,Male,56,5,457,7315.73,1
607,Male,20,47,413,1044.45,1
608,Female,49,22,155,4344.15,0
609,Female,27,47,463,388.78,0
610,Female,27,34,391,4860.81,1
611,Male,36,1,269,6658.1,0
612,Female,63,55,440,1273.18,0
613,Female,51,55,212,2959.96,1
614,Female,50,26,488,4038.58,0
615,Female,40,43,269,9203.36,1
616,Male,45,10,319,9933.22,1
617,Male,49,30,169,544.62,1
618,Female,67,50,443,7633.98,1
619,Male,24,18,385,3780.07,1
620,Male,46,17,449,3985.34,0
621,Female,25,26,231,7567.22,1
622,Female,18,8,155,9192.42,0
623,Male,20,47,266,9514.19,1
624,Female,41,40,254,5813.51,1
625,Male,40,49,119,3635.5,1
626,Female,25,12,93,7896.74,0
627,Male,64,27,378,2584.91,1
628,Female,54,8,350,5684.33,1
629,Male,20,25,277,3649.93,1
630,Male,68,46,233,6600.65,1
631,Male,50,4,156,2479.95,0
632,Female,45,33,133,1996.77,1
633,Male,64,1,387,9190.57,0
634,Male,25,19,299,1107.86,1
635,Female,51,31,412,5108.98,0
636,Female,52,16,490,2286.44,0
637,Male,49,14,70,485.41,1
638,Male,41,53,245,456.59,1
639,Female,31,48,227,1834.7,0
640,Female,49,5,466,8681.03,1
641,Female,63,41,56,2896.54,1
642,Female,60,26,119,9509.55,1
643,Female,33,28,176,5858.06,0
644,Male,21,2,448,4422.48,1
645,Female,69,50,209,5842.88,1
646,Male,54,6,297,5215.31,1
647,Male,38,9,252,7611.88,0
648,Male,31,33,197,2896.71,1
649,Female,48,41,192,3595.2,0
650,Male,65,25,481,8951.53,1
651,Male,35,48,248,9469.92,0
652,Female,24,13,454,8936.33,1
653,Male,27,9,475,4252.54,1
654,Male,24,53,203,7825.62,0
655,Female,50,13,425,4815.72,0
656,Male,40,31,433,5025.64,0
657,Male,38,41,191,2126.33,1
658,Male,36,11,362,5952.19,1
659,Female,65,4,214,1942.75,1
660,Female,36,34,363,3382.49,1
661,Female,53,38,70,8564.8,0
662,Male,46,46,131,2150.05,1
663,Male,35,4,118,804.47,1
664,Female,19,38,180,783.18,1
665,Male,18,19,136,9413.77,1
666,Male,64,6,267,5118.51,1
667,Female,22,34,470,4153.18,1
668,Female,37,18,354,8127.7,1
669,Male,28,13,452,8374.68,0
670,Male,59,41,420,3388.69,1
671,Male,19,23,394,6966.82,1
672,Female,20,19,390,7734.12,1
673,Female,40,45,433,6581.04,1
674,Female,29,11,445,1600.79,0
675,Female,37,1,494,8771.24,0
676,Male,22,24,474,5437.04,0
677,Female,54,54,210,2896.48,0
678,Female,55,7,227,4309.76,0
679,Female,47,25,166,471.95,0
680,Female,26,21,245,1365.88,1
681,Female,51,15,432,7678.91,0
682,Male,61,1,376,100.12,0
683,Male,52,12,135,4224.0,1
684,Female,69,58,338,5272.85,0
685,Male,39,7,130,640.88,1
686,Female,61,15,201,9733.47,1
687,Female,41,21,110,2338.64,0
688,Male,34,19,110,3111.57,1
689,Male,27,29,403,3109.03,0
690,Female,47,25,77,2381.12,0
691,Female,63,33,491,114.59,1
692,Female,40,49,92,7320.51,1
693,Male,49,32,218,9671.77,0
694,Female,34,49,472,2320.51,1
695,Female,67,35,135,6664.17,1
696,Female,68,44,226,7444.77,0
697,Male,34,38,66,8499.41,0
698,Female,31,26,147,4284.03,1
699,Female,26,11,247,3099.02,0
700,Male,57,35,147,3320.42,0
701,Female,19,8,114,7154.95,0
702,Female,62,46,379,8186.12,0
703,Male,42,14,390,1897.98,0
704,Female,56,10,54,3772.32,0
705,Male,26,2,51,9029.21,0
706,Male,39,46,71,8086.27,1
707,Female,60,9,161,9850.1,0
708,Female,63,3,106,7567.06,1
709,Female,21,21,115,3992.63,1
710,Female,43,26,379,5947.31,1
711,Male,46,8,147,6644.04,0
712,Female,62,48,193,876.71,0
713,Male,51,2,417,5490.52,1
714,Female,40,6,484,7122.28,0
715,Female,54,28,174,1756.48,1
716,Female,28,53,216,7828.25,0
717,Male,23,29,135,5879.35,0
718,Female,35,26,125,9527.0,1
719,Female,38,25,393,519.98,1
720,Female,59,12,473,2726.73,1
721,Female,53,5,343,6055.38,0
722,Male,58,34,493,3035.94,1
723,Female,55,48,108,7172.8,0
724,Male,51,37,187,7614.15,0
725,Male,34,15,148,1114.91,0
726,Male,54,44,241,5187.16,1
727,Male,42,36,292,5138.02,1
728,Male,55,15,368,3755.88,1
729,Male,29,43,98,9335.96,0
730,Female,40,48,497,8292.31,0
731,Male,59,23,81,7002.37,1
732,Male,39,6,440,7171.83,0
733,Male,38,46,326,4670.99,0
734,Female,44,50,69,9217.85,1
735,Female,48,44,203,6976.49,1
736,Male,23,59,432,7316.91,1
737,Female,44,43,117,8630.74,0
738,Male,57,45,415,2813.31,0
739,Male,51,21,421,8090.0,0
740,Female,29,23,263,2032.88,0
741,Male,62,43,192,3518.89,0
742,Female,24,55,425,3422.54,1
743,Female,27,16,281,9787.4,0
744,Male,62,47,262,8579.72,0
745,Male,34,53,128,7041.58,0
746,Female,43,15,263,7297.86,1
747,Male,38,25,165,5664.52,1
748,Male,45,36,141,9476.2,1
749,Male,63,11,319,5012.96,0
750,Female,19,51,460,3867.13,1
751,Female,60,15,430,1714.05,1
752,Male,18,4,217,7883.44,1
753,Female,68,21,107,7370.99,0
754,Female,53,13,333,3905.11,1
755,Female,68,22,75,349.41,0
756,Female,43,19,418,8406.07,0
757,Female,46,34,496,213.04,1
758,Male,38,14,115,7066.63,0
759,Male,28,4,458,9705.55,1
760,Male,57,48,297,4432.85,0
761,Female,28,53,303,2426.24,1
762,Female,53,52,436,7078.22,1
763,Male,66,46,93,8189.57,1
764,Female,56,27,146,5509.66,0
765,Male,57,29,91,9673.65,1
766,Male,52,47,276,611.52,0
767,Male,51,28,311,5097.48,1
768,Female,64,35,216,7212.69,0
769,Female,41,8,485,8640.14,0
770,Male,39,16,328,1874.63,1
771,Male,22,42,138,8020.03,1
772,Male,50,36,428,5571.8,1
773,Male,53,30,227,4025.88,1
774,Female,64,18,476,1403.98,1
775,Female,37,2,452,8666.43,0
776,Male,36,49,246,1657.0,1
777,Male,52,13,356,3166.9,1
778,Female,69,4,316,2971.45,0
779,Female,60,26,317,8727.0,1
780,Male,34,25,123,6759.76,1
781,Male,62,30,57,7987.15,0
782,Male,60,11,457,2579.63,1
783,Female,51,7,346,6286.25,1
784,Female,26,31,213,5760.29,1
785,Female,43,44,134,8345.02,0
786,Male,19,10,121,9070.26,1
787,Male,26,39,104,220.35,0
788,Female,26,13,442,6772.8,1
789,Female,57,31,96,613.17,0
790,Male,34,7,448,5533.7,1
791,Female,18,56,481,2947.56,0
792,Female,42,49,287,3137.09,0
793,Male,60,42,153,3594.29,0
794,Female,57,42,259,6250.8,0
795,Male,59,56,91,3407.09,0
796,Male,42,36,365,7353.72,0
797,Male,56,20,317,4104.82,1
798,Male,52,4,435,776.7,1
799,Male,20,54,312,7859.22,0
800,Male,67,7,385,2929.01,0
801,Male,54,54,436,4384.39,0
802,Female,61,1,414,6885.89,0
803,Male,61,44,308,3391.32,1
804,Male,68,56,332,660.2,0
805,Female,47,45,163,3801.82,1
806,Female,55,42,412,9450.04,1
807,Female,51,47,89,6453.17,0
808,Male,29,59,466,6747.64,0
809,Female,36,13,269,6359.59,1
810,Male,54,55,178,2070.02,1
811,Male,61,22,57,4241.51,0
812,Male,66,54,150,7534.3,0
813,Male,34,21,465,1103.59,0
814,Female,27,22,429,2850.74,1
815,Female,66,28,225,2835.56,1
816,Male,64,9,156,4376.99,0
817,Male,29,26,150,9805.65,1
818,Male,33,9,309,768.28,1
819,Female,41,15,415,5235.14,0
820,Male,36,10,295,1875.71,0
821,Male,25,24,324,9709.7,1
822,Female,48,58,81,1221.7,1
823,Female,38,57,186,4095.65,0
824,Male,34,42,61,7405.06,0
825,Female,40,8,444,7075.09,0
826,Female,54,24,351,4285.01,0
827,Male,33,16,424,3530.59,0
828,Female,23,49,65,4036.36,1
829,Male,25,26,178,2716.34,1
830,Female,42,27,112,2132.8,1
831,Male,35,37,158,4882.09,1
832,Male,42,4,424,2758.48,0
833,Male,29,50,70,2945.87,0
834,Female,32,24,207,6601.89,0
835,Male,43,19,318,9688.52,1
836,Female,58,36,211,6076.01,1
837,Male,62,39,309,862.1,1
838,Male,43,10,461,848.28,0
839,Female,64,25,151,9519.09,1
840,Male,49,18,272,3043.18,0
841,Male,27,19,108,1011.46,0
842,Female,33,36,296,6030.54,0
843,Male,24,10,177,6274.12,0
844,Male,34,33,332,6520.2,0
845,Male,40,55,374,2747.28,0
846,Male,43,50,74,249.6,1
847,Female,38,5,180,9653.65,0
848,Female,39,47,402,2583.84,0
849,Male,24,49,245,6792.66,1
850,Female,31,35,330,7095.64,0
851,Male,32,44,453,6139.07,1
852,Female,24,34,467,3197.78,1
853,Male,26,33,203,2783.85,1
854,Male,68,55,431,6016.92,0
855,Male,65,21,182,8674.35,0
856,Male,25,17,276,9472.66,1
857,Male,67,22,238,1148.47,0
858,Male,40,48,314,1632.8,0
859,Female,46,37,421,9452.89,1
860,Male,35,15,483,7391.7,1
861,Female,48,35,183,8841.64,0
862,Male,47,28,260,2106.06,1
863,Female,69,7,109,5917.1,1
864,Female,56,32,477,7041.28,1
865,Female,52,11,426,6833.11,0
866,Male,35,10,444,4140.7,0
867,Male,59,9,499,252.41,0
868,Female,56,14,480,5870.97,1
869,Male,34,13,413,2605.71,0
870,Female,31,57,413,4557.52,1
871,Male,48,25,262,9580.05,0
872,Female,41,2,265,4050.45,0
873,Female,52,35,275,8414.04,1
874,Male,61,7,180,1966.55,0
875,Female,62,21,125,6757.36,1
876,Male,51,18,335,9772.37,0
877,Female,20,3,326,1108.74,0
878,Female,54,42,205,182.37,1
879,Male,60,54,297,4392.47,1
880,Male,57,39,267,1016.99,1
881,Male,43,41,239,7509.01,0
882,Female,40,49,466,9154.03,0
883,Male,61,11,212,4396.81,0
884,Female,56,39,229,2661.25,1
885,Female,32,24,83,4400.59,1
886,Male,66,46,90,7262.13,1
887,Male,21,19,356,189.64,0
888,Female,46,4,480,5935.59,0
889,Female,39,26,387,6171.59,1
890,Male,42,38,363,6413.11,0
891,Male,30,42,124,2496.02,1
892,Male,35,32,490,7169.12,0
893,Male,50,39,328,1004.78,0
894,Male,33,45,225,2072.78,1
895,Female,62,46,433,8786.95,0
896,Female,59,36,199,7413.36,0
897,Female,61,40,322,236.08,1
898,Female,19,37,374,2558.92,1
899,Male,52,33,157,2222.62,0
900,Male,59,36,188,2780.98,1
901,Male,51,3,399,2550.84,0
902,Female,47,9,320,719.01,1
903,Female,30,8,396,4643.51,0
904,Male,30,33,468,7354.06,0
905,Male,35,59,338,6106.64,1
906,Female,49,6,261,6761.43,0
907,Female,49,41,430,903.38,0
908,Male,52,39,321,9519.76,1
909,Male,56,4,467,8401.07,1
910,Female,63,13,115,8070.39,0
911,Male,69,49,473,8247.54,1
912,Male,46,2,297,9333.83,1
913,Male,66,5,205,5488.11,0
914,Female,46,44,96,2082.79,0
915,Female,61,27,472,6206.16,1
916,Female,33,32,250,7454.53,1
917,Female,61,21,197,7405.38,1
918,Female,64,8,173,5262.35,0
919,Female,27,38,50,777.74,0
920,Female,47,8,296,3774.02,0
921,Male,42,50,392,9215.59,0
922,Male,56,3,177,5886.04,0
923,Male,37,54,240,5429.49,0
924,Male,22,44,116,2761.65,0
925,Male,18,58,53,3747.64,1
926,Male,47,3,491,8963.93,1
927,Male,66,22,458,6697.98,0
928,Female,20,6,352,7895.13,0
929,Female,62,2,343,4598.02,0
930,Male,31,23,192,6339.45,1
931,Male,47,44,240,2559.0,0
932,Female,67,2,70,7084.06,1
933,Male,21,38,276,4333.25,1
934,Male,35,17,362,4481.2,1
935,Female,54,35,166,6528.29,1
936,Male,42,34,486,9369.18,1
937,Female,65,23,351,733.66,0
938,Male,18,30,191,8264.96,0
939,Female,63,52,450,2994.59,1
940,Female,32,8,88,4494.8,0
941,Female,26,22,442,316.94,1
942,Male,32,44,404,3080.36,1
943,Female,66,58,301,5076.05,0
944,Male,41,36,382,656.14,0
945,Male,21,5,256,4961.85,0
946,Male,29,13,259,9278.4,0
947,Male,54,29,164,1143.39,0
948,Female,54,31,274,7667.96,1
949,Female,60,47,183,4155.74,0
950,Male,23,57,300,6586.22,0
951,Male,56,55,268,2676.34,0
952,Female,63,16,456,1678.97,1
953,Male,41,42,492,1688.58,0
954,Female,28,30,140,797.87,1
955,Male,30,57,403,1937.9,0
956,Male,51,55,425,6675.77,0
957,Female,42,16,95,8828.74,1
958,Male,24,12,87,8159.84,0
959,Female,69,17,191,6882.83,0
960,Male,21,16,149,1193.28,1
961,Male,25,12,377,2962.96,0
962,Male,37,8,239,3167.09,1
963,Female,46,20,84,2574.57,1
964,Male,68,3,196,5198.56,1
965,Male,62,16,79,5401.98,1
966,Male,63,30,383,3633.17,1
967,Male,27,45,133,3602.51,0
968,Female,60,23,418,8302.7,0
969,Female,51,28,330,7914.0,0
970,Male,43,51,473,3147.18,1
971,Female,58,40,393,9146.51,1
972,Male,66,54,319,9532.87,1
973,Male,20,5,203,3334.75,1
974,Male,23,20,151,3608.81,0
975,Female,22,40,264,5105.78,0
976,Female,22,56,199,9417.1,1
977,Female,64,44,481,8775.56,1
978,Female,40,1,132,1115.42,0
979,Female,66,57,159,3988.03,1
980,Female,26,30,484,5578.37,1
981,Female,52,21,436,5081.01,1
982,Female,37,20,475,2019.24,0
983,Female,66,6,324,8602.29,0
984,Male,59,22,250,6801.71,1
985,Female,52,18,333,8395.29,0
986,Female,67,8,222,8601.77,1
987,Female,35,39,376,7508.72,1
988,Female,34,32,255,4448.18,0
989,Female,41,33,112,6144.41,1
990,Female,20,53,122,1687.62,1
991,Female,49,16,300,6769.09,0
992,Female,52,12,173,1874.61,1
993,Female,55,38,424,6970.1,1
994,Female,30,52,170,2373.02,1
995,Female,64,34,324,1263.76,0
996,Male,42,14,480,1736.32,1
997,Male,26,36,447,119.72,0
998,Female,21,33,169,7215.52,1
999,Female,31,23,471,7350.77,1
1000,Male,54,50,486,5197.84,1
